Theme,Keywords,Sentiment_Category,Frequency
Product Quality,good,Positive,11074
General Sentiment,good,Positive,5960
Product Quality,bad,Negative,5390
Delivery/Shipping,arrived,Positive,3890
Product Quality,great,Positive,3787
Delivery/Shipping,good,Positive,7313
Packaging,well,Positive,2400
Delivery/Shipping,delivered,Positive,2327
Product Quality,excellent,Positive,2317
Product Quality,quality,Positive,2056
General Sentiment,loved,Positive,2007
Delivery/Shipping,ahead_schedule,Positive,1829
Delivery/Shipping,fast,Positive,1480
Delivery/Shipping,product_arrived,Positive,1432
Product Quality,perfect,Positive,1374
Delivery/Shipping,product_delivered,Positive,1242
Product Quality,great_product,Positive,1168
General Sentiment,satisfied,Positive,1075
General Sentiment,super,Positive,1035
Product Quality,good_product,Positive,996
Delivery/Shipping,delivery,Negative,942
General Sentiment,thank,Positive,921
Delivery/Shipping,fast_delivery,Positive,918
Delivery/Shipping,arrived,Negative,892
Customer Service,good,Positive,1051
Packaging,packaged,Positive,785
Product Quality,quality_product,Positive,722
Packaging,well_packaged,Positive,701
Delivery/Shipping,delivered,Negative,667
Delivery/Shipping,arrived_well,Positive,593
Delivery/Shipping,arrived_ahead,Positive,539
Order/Billing,good,Positive,529
Product Quality,perfect_condition,Positive,521
Product Quality,wrong,Negative,516
Packaging,well_ahead,Positive,515
Delivery/Shipping,quickly,Positive,512
General Sentiment,good_quality,Positive,499
Product Quality,excellent_quality,Positive,492
Delivery/Shipping,super_fast,Positive,489
General Sentiment,good,Negative,445
General Sentiment,product_good,Positive,437
Product Quality,loved_product,Positive,419
Order/Billing,bad,Negative,1502
Delivery/Shipping,missing,Negative,403
Delivery/Shipping,product_arrived,Negative,399
Delivery/Shipping,delivered_ahead,Positive,394
General Sentiment,love,Positive,362
Product Quality,excellent_product,Positive,351
Delivery/Shipping,bad,Negative,1588
Delivery/Shipping,product_delivery,Positive,316
General Sentiment,recommended,Positive,309
Delivery/Shipping,delay,Negative,305
Product Quality,great_quality,Positive,285
Product Quality,terrible,Negative,284
General Sentiment,bad,Negative,282
Product Quality,broken,Negative,277
Delivery/Shipping,earlier,Positive,273
Delivery/Shipping,delivered_well,Positive,267
Product Quality,defective,Negative,265
Product Quality,poor,Negative,259
Delivery/Shipping,product_delivered,Negative,254
Product Quality,really_liked,Positive,252
Product Quality,product_excellent,Positive,249
General Sentiment,wonderful,Positive,248
Order/Billing,easy,Positive,245
Delivery/Shipping,arrived_quickly,Positive,243
Delivery/Shipping,deadline,Negative,235
Delivery/Shipping,shipping,Negative,233
Packaging,product_well,Positive,232
Packaging,good,Positive,636
Delivery/Shipping,long,Positive,225
Delivery/Shipping,earlier_expected,Positive,220
Packaging,bad,Negative,508
Delivery/Shipping,arrived_perfect,Positive,212
Product Quality,product_great,Positive,206
Delivery/Shipping,long,Negative,202
Customer Service,bad,Negative,1079
Product Quality,poor_quality,Negative,188
Product Quality,thank_much,Positive,186
Delivery/Shipping,product_fast,Positive,185
Product Quality,everything_perfect,Positive,180
Product Quality,damaged,Negative,190
Delivery/Shipping,delivery_ahead,Positive,169
Product Quality,beautiful_product,Positive,167
General Sentiment,good_service,Positive,164
Product Quality,met_expectation,Positive,156
General Sentiment,everything_fine,Positive,154
General Sentiment,best,Positive,148
Product Quality,great_service,Positive,146
General Sentiment,happy,Positive,146
Product Quality,fit,Negative,141
Product Quality,quality_product,Negative,140
General Sentiment,satisfied_product,Positive,140
Product Quality,wrong_product,Negative,136
Delivery/Shipping,much_earlier,Positive,135
General Sentiment,thanks,Positive,131
Product Quality,defect,Negative,148
General Sentiment,satisfactory,Positive,193
General Sentiment,good_price,Positive,127
Product Quality,great_seller,Positive,125
Delivery/Shipping,everything_arrived,Positive,123
Product Quality,excellent_condition,Positive,123
Delivery/Shipping,delivery_well,Positive,121
Delivery/Shipping,delay_delivery,Negative,120
Delivery/Shipping,scheduled,Positive,120
Delivery/Shipping,missing,Positive,118
Delivery/Shipping,arrived_correctly,Positive,114
Product Quality,excellent_service,Positive,112
Product Quality,product_beautiful,Positive,110
Delivery/Shipping,delivery_super,Positive,108
Product Quality,product_perfect,Positive,107
Delivery/Shipping,delay,Positive,105
General Sentiment,good_delivery,Positive,105
Order/Billing,refund,Positive,105
Delivery/Shipping,arrived_expected,Positive,103
Delivery/Shipping,arrived_earlier,Positive,101
Product Quality,low,Negative,100
Product Quality,weak,Negative,99
Delivery/Shipping,arrived_super,Positive,98
General Sentiment,dissatisfied,Negative,98
Product Quality,product_expected,Positive,98
General Sentiment,unfortunately,Negative,98
Product Quality,high,Positive,96
Product Quality,schedule_perfect,Positive,95
Packaging,well,Negative,94
General Sentiment,deadline_good,Positive,91
Delivery/Shipping,delivery_fast,Positive,91
Product Quality,perfect_product,Positive,91
General Sentiment,good_evening,Positive,90
Delivery/Shipping,arrived_much,Positive,89
Product Quality,great_delivery,Positive,89
Customer Service,complain,Positive,88
Delivery/Shipping,canceled,Negative,87
General Sentiment,good_delivered,Positive,87
Customer Service,respect,Positive,86
Product Quality,correct_product,Positive,85
General Sentiment,comfortable,Positive,84
Order/Billing,money_back,Negative,84
Product Quality,product_exactly,Positive,84
Product Quality,liked_product,Positive,83
Packaging,went_well,Positive,83
Order/Billing,money_back,Positive,82
Packaging,well_expected,Positive,82
Order/Billing,simple,Positive,81
Delivery/Shipping,arrived_broken,Negative,80
General Sentiment,good_arrived,Positive,80
Product Quality,loose,Negative,80
Delivery/Shipping,loved_arrived,Positive,80
Product Quality,product_super,Positive,80
Delivery/Shipping,arrived_defective,Negative,79
Delivery/Shipping,love_shopping,Positive,79
Customer Service,nothing_complain,Positive,79
Packaging,packaged,Negative,77
Product Quality,small,Negative,77
General Sentiment,surprised,Positive,77
Product Quality,horrible,Negative,76
Product Quality,product_wrong,Negative,75
Packaging,schedule_well,Positive,75
Order/Billing,card,Negative,74
General Sentiment,schedule_good,Positive,74
Customer Service,trust,Positive,74
Product Quality,great_value,Positive,73
Delivery/Shipping,soon,Positive,73
Customer Service,contact,Positive,72
Product Quality,poorly,Negative,72
Customer Service,email,Positive,71
General Sentiment,satisfied,Negative,70
Delivery/Shipping,late,Positive,68
Delivery/Shipping,schedule_product,Positive,68
Product Quality,defective_product,Negative,67
General Sentiment,good_condition,Positive,67
General Sentiment,product_good,Negative,67
Delivery/Shipping,delayed,Negative,66
Delivery/Shipping,delivered_quickly,Positive,66
Delivery/Shipping,delivery_good,Positive,66
Product Quality,low_quality,Negative,66
Customer Service,solution,Positive,66
General Sentiment,super_recommended,Positive,66
General Sentiment,super_satisfied,Positive,66
Delivery/Shipping,delivered_perfect,Positive,65
Delivery/Shipping,delivery_arrived,Positive,65
General Sentiment,good_material,Positive,65
Order/Billing,order_arrived,Positive,65
Delivery/Shipping,schedule_congratulation,Positive,65
Product Quality,wonderful_product,Positive,65
Delivery/Shipping,expected_deadline,Positive,64
Product Quality,wrong,Positive,64
Delivery/Shipping,delivers,Positive,62
Product Quality,everything_great,Positive,62
Delivery/Shipping,tracking,Positive,62
Delivery/Shipping,arrived_within,Positive,61
Delivery/Shipping,early,Positive,61
Product Quality,product_highly,Positive,61
Product Quality,schedule_excellent,Positive,61
Delivery/Shipping,speed_delivery,Positive,61
Product Quality,top_quality,Positive,61
Customer Service,answer,Negative,60
General Sentiment,good_seller,Positive,60
Product Quality,great_price,Positive,60
General Sentiment,satisfactory,Negative,86
Delivery/Shipping,arrived_good,Positive,59
Delivery/Shipping,late,Negative,59
Delivery/Shipping,took_long,Positive,59
General Sentiment,upset,Negative,59
Delivery/Shipping,delivered_within,Positive,58
Customer Service,responsible,Positive,58
Delivery/Shipping,scheduled_date,Positive,58
General Sentiment,shame,Negative,58
Delivery/Shipping,took_long,Negative,58
Delivery/Shipping,deadline_everything,Positive,57
Delivery/Shipping,deadline_product,Positive,57
General Sentiment,deadline_satisfied,Positive,57
Product Quality,excellent_delivery,Positive,57
Product Quality,high_quality,Positive,57
Product Quality,fabric,Negative,56
Delivery/Shipping,faster,Positive,56
Packaging,package,Negative,56
Product Quality,product_everything,Positive,56
Customer Service,complain,Negative,55
Packaging,package,Positive,55
Delivery/Shipping,returned,Negative,55
Delivery/Shipping,wait,Negative,55
Product Quality,wrong_color,Negative,55
General Sentiment,beautiful_good,Positive,54
Order/Billing,easy_assemble,Positive,54
General Sentiment,schedule_satisfied,Positive,54
Product Quality,damage,Positive,53
Order/Billing,payment,Positive,53
Customer Service,service_delivery,Positive,53
Packaging,well_finished,Positive,53
General Sentiment,bad,Positive,52
Packaging,open,Negative,52
Delivery/Shipping,beautiful_arrived,Positive,51
General Sentiment,good_value,Positive,51
Product Quality,great,Negative,51
Product Quality,great_arrived,Positive,51
General Sentiment,loved_beautiful,Positive,51
Packaging,protected,Positive,51
Delivery/Shipping,schedule_highly,Positive,51
Customer Service,call,Negative,50
Delivery/Shipping,deadline_congratulation,Positive,50
Delivery/Shipping,delivered_product,Positive,50
Delivery/Shipping,delivery_everything,Positive,50
Product Quality,perfect_delivery,Positive,50
Delivery/Shipping,product_arrive,Negative,50
Packaging,sealed,Positive,50
Customer Service,solve,Negative,50
Delivery/Shipping,delivery_congratulation,Positive,49
Delivery/Shipping,established_deadline,Positive,49
General Sentiment,everything_correct,Positive,49
Delivery/Shipping,punctuality,Positive,49
General Sentiment,worst,Negative,49
Delivery/Shipping,arrived_excellent,Positive,48
General Sentiment,good_finish,Positive,48
Order/Billing,product_purchased,Negative,48
Delivery/Shipping,delivery_quick,Positive,47
Delivery/Shipping,within_deadline,Positive,47
Product Quality,damage,Negative,76
Delivery/Shipping,delivery_took,Positive,46
Order/Billing,order_delivered,Positive,46
Product Quality,product_exceeded,Positive,46
Delivery/Shipping,quickly,Negative,46
Customer Service,resolved,Positive,46
Customer Service,service_product,Positive,46
Delivery/Shipping,stated_deadline,Positive,46
Delivery/Shipping,delivered_correctly,Positive,45
Delivery/Shipping,delivery_excellent,Positive,45
Delivery/Shipping,paid_shipping,Negative,45
Product Quality,product_described,Positive,45
Product Quality,product_loved,Positive,45
Customer Service,resolve,Negative,45
Customer Service,trustworthy,Positive,45
Delivery/Shipping,expected_delivery,Positive,44
General Sentiment,expected_good,Positive,44
General Sentiment,good_beautiful,Positive,44
General Sentiment,good_product,Negative,44
General Sentiment,good_quality,Negative,44
Order/Billing,payment,Negative,44
Product Quality,product_poor,Negative,44
Product Quality,quality_arrived,Positive,44
Delivery/Shipping,arrived_without,Positive,43
Delivery/Shipping,delivered_excellent,Positive,43
Delivery/Shipping,delivery_great,Positive,43
Customer Service,person,Positive,43
Delivery/Shipping,schedule,Negative,43
Delivery/Shipping,schedule_loved,Positive,43
Packaging,well_delivery,Positive,43
Delivery/Shipping,ahead_schedule,Negative,42
Delivery/Shipping,arrived_damaged,Negative,42
Order/Billing,cancel,Positive,42
Delivery/Shipping,delay_delivery,Positive,42
Delivery/Shipping,product_arrive,Positive,42
Packaging,well_stipulated,Positive,42
Delivery/Shipping,fast_product,Positive,41
General Sentiment,good_fast,Positive,41
Delivery/Shipping,price_delivery,Positive,41
Product Quality,used_product,Positive,41
Delivery/Shipping,arrived_yet,Positive,40
Packaging,condition_well,Positive,40
Delivery/Shipping,punctual,Positive,40
Packaging,work_well,Positive,40
Delivery/Shipping,arrived_wrong,Negative,39
Order/Billing,charged,Positive,39
Delivery/Shipping,deadline_highly,Positive,39
Delivery/Shipping,delivered_good,Positive,39
Delivery/Shipping,delivery_date,Negative,39
Delivery/Shipping,product_missing,Negative,39
Product Quality,quality_delivery,Positive,39
Delivery/Shipping,quickly_well,Positive,39
Customer Service,complained,Negative,38
Order/Billing,credit_card,Positive,38
Delivery/Shipping,delivered_expected,Positive,38
Delivery/Shipping,delivering,Positive,38
Delivery/Shipping,delivery_deadline,Negative,38
Product Quality,scratched,Negative,38
Delivery/Shipping,urgent,Positive,38
Delivery/Shipping,wait,Positive,38
General Sentiment,always_good,Positive,37
Packaging,beautiful_well,Positive,37
Product Quality,excellent,Negative,37
Delivery/Shipping,arrived_everything,Positive,36
Delivery/Shipping,fast,Negative,36
Product Quality,great_fast,Positive,36
Customer Service,lack_respect,Positive,36
General Sentiment,product_satisfied,Positive,36
Product Quality,quality_good,Positive,36
Product Quality,quality_material,Positive,36
General Sentiment,recommended,Negative,36
Customer Service,solution,Negative,36
Customer Service,answer,Positive,35
Product Quality,beautiful,Negative,35
Delivery/Shipping,delivery_day,Positive,35
General Sentiment,good_liked,Positive,35
Delivery/Shipping,packaged_arrived,Positive,35
Product Quality,product_ahead,Positive,35
Order/Billing,product_easy,Positive,35
Product Quality,product_photo,Positive,35
Customer Service,complaint,Positive,34
Product Quality,deadline_excellent,Positive,34
Packaging,dirty,Negative,34
Delivery/Shipping,fast_efficient,Positive,34
General Sentiment,loved_everything,Positive,34
Delivery/Shipping,period,Positive,34
Product Quality,product_really,Positive,34
Customer Service,professional,Positive,34
General Sentiment,satisfied_delivery,Positive,34
Customer Service,solve,Positive,34
General Sentiment,thank_attention,Positive,34
Product Quality,without_damage,Positive,34
Packaging,deadline_well,Positive,33
Order/Billing,everything_order,Positive,33
Product Quality,highly_product,Positive,33
Packaging,poorly,Negative,33
Product Quality,product_different,Negative,33
Delivery/Shipping,soon,Negative,33
Delivery/Shipping,sooner,Positive,33
Delivery/Shipping,super_quickly,Positive,33
Delivery/Shipping,arrived_yet,Negative,32
Delivery/Shipping,day_ahead,Positive,32
Delivery/Shipping,deadline_thank,Positive,32
Delivery/Shipping,delivered_agreed,Positive,32
Product Quality,great_delivered,Positive,32
Product Quality,great_material,Positive,32
General Sentiment,look_good,Positive,32
Product Quality,product_work,Negative,32
Customer Service,respect,Negative,32
Product Quality,scratch,Positive,32
Product Quality,broken,Positive,31
Product Quality,correct_product,Negative,31
Delivery/Shipping,day_deadline,Positive,31
Delivery/Shipping,deadline_loved,Positive,31
Delivery/Shipping,delivered_without,Positive,31
Delivery/Shipping,delivery_quality,Positive,31
General Sentiment,everything_good,Positive,31
General Sentiment,loved_shopping,Positive,31
Product Quality,product_description,Negative,31
Product Quality,product_original,Negative,31
Product Quality,quality_beautiful,Positive,31
General Sentiment,satisfied_thank,Positive,31
Packaging,seal,Negative,31
Delivery/Shipping,working_day,Positive,31
Delivery/Shipping,arrived_exactly,Positive,30
General Sentiment,comfort,Positive,30
Delivery/Shipping,day_arrived,Positive,30
Delivery/Shipping,delivery_highly,Positive,30
Delivery/Shipping,efficient_delivery,Positive,30
General Sentiment,everything_right,Positive,30
General Sentiment,good_good,Positive,30
General Sentiment,love_buying,Positive,30
Packaging,packaged_product,Positive,30
Product Quality,perfect,Negative,30
Product Quality,product_defective,Negative,30
Delivery/Shipping,product_delivery,Negative,30
Product Quality,quality_delivered,Positive,30
Customer Service,respond,Negative,30
Product Quality,schedule_great,Positive,30
General Sentiment,seems_good,Positive,30
Delivery/Shipping,shipping_expensive,Positive,30
Delivery/Shipping,take_long,Positive,30
Product Quality,terrible_service,Negative,30
Delivery/Shipping,urgently,Negative,30
Delivery/Shipping,arrived_stipulated,Positive,29
Product Quality,bag_beautiful,Positive,29
Product Quality,beautiful_great,Positive,29
Customer Service,communication,Negative,29
Customer Service,customer_service,Negative,29
Customer Service,customer_service,Positive,29
General Sentiment,inconvenience,Negative,29
Order/Billing,order_delivered,Negative,29
Delivery/Shipping,pay_shipping,Negative,29
Product Quality,product_broken,Negative,29
Customer Service,service_excellent,Positive,29
Delivery/Shipping,shipping_cost,Positive,29
Customer Service,support,Negative,29
Delivery/Shipping,take_long,Negative,29
Product Quality,work_perfectly,Positive,29
Delivery/Shipping,almost_month,Negative,28
Product Quality,deadline_perfect,Positive,28
Product Quality,delicate,Positive,28
Delivery/Shipping,loved_delivery,Positive,28
General Sentiment,material_good,Positive,28
Product Quality,packaged_perfect,Positive,28
Delivery/Shipping,price_fast,Positive,28
General Sentiment,price_good,Positive,28
Delivery/Shipping,shipping_cost,Negative,28
Product Quality,short,Negative,28
Product Quality,terrible,Positive,28
General Sentiment,bad_product,Negative,27
Order/Billing,cancel_order,Negative,27
Customer Service,commitment_customer,Positive,27
Delivery/Shipping,delivered_day,Positive,27
Delivery/Shipping,despite_delay,Positive,27
Product Quality,expected_product,Positive,27
General Sentiment,look_beautiful,Positive,27
General Sentiment,loved_highly,Positive,27
Packaging,open,Positive,27
Delivery/Shipping,paid_shipping,Positive,27
Product Quality,poor,Positive,27
Product Quality,quality_loved,Positive,27
Customer Service,service_good,Positive,27
Order/Billing,simple,Negative,27
Delivery/Shipping,arrived_agreed,Positive,26
Delivery/Shipping,deadline_met,Positive,26
General Sentiment,disappointed,Negative,26
Delivery/Shipping,driver,Negative,26
Delivery/Shipping,estimated_deadline,Positive,26
Delivery/Shipping,everything_delivered,Positive,26
Product Quality,fit_perfectly,Positive,26
General Sentiment,good_everything,Positive,26
Product Quality,quality_excellent,Positive,26
Customer Service,respect_customer,Positive,26
Customer Service,respond,Positive,26
General Sentiment,satisfied_service,Positive,26
Product Quality,scratch,Negative,26
Product Quality,without_defect,Positive,26
Delivery/Shipping,arrived_product,Positive,25
Product Quality,beautiful_excellent,Positive,25
Product Quality,deadline_great,Positive,25
Delivery/Shipping,delayed,Positive,25
General Sentiment,good_afternoon,Negative,25
General Sentiment,loved_super,Positive,25
General Sentiment,really_good,Positive,25
Customer Service,resolved,Negative,25
Customer Service,responsibility,Positive,25
Delivery/Shipping,urgently,Positive,25
Product Quality,better_quality,Positive,24
Product Quality,defective,Positive,24
Delivery/Shipping,delivery_loved,Positive,24
Delivery/Shipping,delivery_service,Positive,24
Product Quality,expected_excellent,Positive,24
General Sentiment,good_morning,Negative,24
Product Quality,high,Negative,24
Delivery/Shipping,packaged_delivered,Positive,24
Product Quality,price_worth,Positive,24
Delivery/Shipping,problem_delivery,Negative,24
Product Quality,product_congratulation,Positive,24
Product Quality,product_product,Positive,24
Customer Service,respect_consumer,Positive,24
Customer Service,responded,Negative,24
Delivery/Shipping,schedule_beautiful,Positive,24
Delivery/Shipping,schedule_thank,Positive,24
Delivery/Shipping,sooner_expected,Positive,24
Delivery/Shipping,arrived_correctly,Negative,23
Packaging,box_arrived,Negative,23
Delivery/Shipping,delivery_always,Positive,23
Delivery/Shipping,delivery_scheduled,Positive,23
Delivery/Shipping,delivery_within,Positive,23
Delivery/Shipping,due_lack,Negative,23
Product Quality,excellent_price,Positive,23
Delivery/Shipping,fast_delivery,Negative,23
Customer Service,lack_respect,Negative,23
Product Quality,product_price,Positive,23
Delivery/Shipping,reason_delay,Negative,23
Customer Service,service_provided,Positive,23
Packaging,well_protected,Positive,23
Delivery/Shipping,delivering,Negative,22
Product Quality,excellent_seller,Positive,22
General Sentiment,good_congratulation,Positive,22
General Sentiment,good_thank,Positive,22
Product Quality,great_great,Positive,22
Customer Service,helpful,Positive,22
General Sentiment,loved_buying,Positive,22
Customer Service,person,Negative,22
Product Quality,product_agreed,Positive,22
Product Quality,product_quality,Negative,22
Product Quality,right_product,Positive,22
Packaging,seal,Positive,22
Product Quality,terrible_product,Negative,22
Delivery/Shipping,took_arrive,Positive,22
Product Quality,working_perfectly,Positive,22
Delivery/Shipping,yet_delivered,Positive,22
Delivery/Shipping,almost_month,Positive,21
Product Quality,broke,Negative,21
Product Quality,congratulation_product,Positive,21
General Sentiment,date_satisfied,Positive,21
Delivery/Shipping,delivered_wrong,Negative,21
Delivery/Shipping,delivery_much,Positive,21
Delivery/Shipping,delivery_satisfied,Positive,21
Delivery/Shipping,early_delivery,Positive,21
General Sentiment,expected_satisfied,Positive,21
General Sentiment,good_highly,Positive,21
Product Quality,great_beautiful,Positive,21
Product Quality,great_finish,Positive,21
Product Quality,leather,Negative,21
Product Quality,love_product,Positive,21
Delivery/Shipping,loved_delivered,Positive,21
Order/Billing,order_arrived,Negative,21
Packaging,packaged_everything,Positive,21
Product Quality,perfect_service,Positive,21
General Sentiment,surprise,Positive,21
Packaging,tape,Negative,21
Delivery/Shipping,watch_arrived,Positive,21
Packaging,well_packaged,Negative,21
Delivery/Shipping,yet_arrived,Positive,21
Delivery/Shipping,arrived_delivery,Positive,20
Delivery/Shipping,arrived_promptly,Positive,20
Delivery/Shipping,arrived_safely,Positive,20
Customer Service,call,Positive,20
Delivery/Shipping,deadline_delivery,Positive,20
Delivery/Shipping,deadline_given,Positive,20
Delivery/Shipping,delayed_delivery,Negative,20
General Sentiment,everything_correctly,Positive,20
Delivery/Shipping,everything_delivery,Positive,20
Packaging,everything_well,Positive,20
General Sentiment,good_really,Positive,20
Delivery/Shipping,long_delivery,Negative,20
General Sentiment,loved_thank,Positive,20
Packaging,packaged_well,Positive,20
Product Quality,poorly,Positive,20
Product Quality,price_quality,Positive,20
General Sentiment,product_bad,Negative,20
Delivery/Shipping,product_quickly,Positive,20
Delivery/Shipping,promised_deadline,Positive,20
Delivery/Shipping,quick_delivery,Positive,20
Order/Billing,refund_amount,Positive,20
General Sentiment,shame,Positive,20
General Sentiment,thank,Negative,20
Packaging,well_product,Positive,20
Customer Service,amazing,Positive,19
Delivery/Shipping,arrived_great,Positive,19
Delivery/Shipping,arrived_missing,Negative,19
Delivery/Shipping,beautiful_delivery,Positive,19
Customer Service,congratulation_service,Positive,19
Delivery/Shipping,correct_delivery,Positive,19
Delivery/Shipping,delivered_product,Negative,19
Delivery/Shipping,delivered_super,Positive,19
Delivery/Shipping,delivery_expected,Positive,19
Delivery/Shipping,delivery_perfect,Positive,19
Product Quality,different_product,Negative,19
General Sentiment,expected_thank,Positive,19
Order/Billing,fee,Negative,19
Delivery/Shipping,highly_arrived,Positive,19
Delivery/Shipping,long_arrive,Positive,19
Product Quality,loved_quality,Positive,19
Product Quality,poor_quality,Positive,19
Delivery/Shipping,problem_delivery,Positive,19
Product Quality,product_correctly,Positive,19
Product Quality,product_description,Positive,19
Delivery/Shipping,scheduled,Negative,19
Delivery/Shipping,secure,Positive,19
Delivery/Shipping,soon_possible,Positive,19
Delivery/Shipping,within_day,Positive,19
Delivery/Shipping,arrived_week,Positive,18
Delivery/Shipping,deadline_arrived,Positive,18
Delivery/Shipping,delivers_promise,Positive,18
Order/Billing,easy_install,Positive,18
General Sentiment,everything_thank,Positive,18
Delivery/Shipping,fast_well,Positive,18
General Sentiment,give_satisfactory,Positive,18
Product Quality,great_site,Positive,18
Product Quality,little_bigger,Positive,18
Product Quality,lower_quality,Negative,18
Product Quality,much_lower,Negative,18
Packaging,packaged_ahead,Positive,18
Customer Service,product_service,Positive,18
Delivery/Shipping,quickly_perfect,Positive,18
Delivery/Shipping,truck_driver,Negative,18
Delivery/Shipping,yet_delivered,Negative,18
Delivery/Shipping,arrived_perfectly,Positive,17
Delivery/Shipping,congratulation_arrived,Positive,17
General Sentiment,date_good,Positive,17
Delivery/Shipping,date_highly,Positive,17
Delivery/Shipping,day_delivery,Negative,17
Delivery/Shipping,delivered_everything,Positive,17
Delivery/Shipping,delivery_long,Positive,17
Delivery/Shipping,driver_strike,Negative,17
Delivery/Shipping,expectation_arrived,Positive,17
Delivery/Shipping,faster_expected,Positive,17
General Sentiment,good_everyone,Positive,17
General Sentiment,good_excellent,Positive,17
General Sentiment,good_loved,Positive,17
Delivery/Shipping,liked_arrived,Positive,17
Delivery/Shipping,need_product,Negative,17
Packaging,packaged_without,Positive,17
Packaging,packed,Positive,17
General Sentiment,super,Negative,17
General Sentiment,super_happy,Positive,17
Packaging,well_scheduled,Positive,17
Product Quality,wrong_product,Positive,17
Product Quality,wrong_size,Negative,17
Delivery/Shipping,always_arrive,Positive,16
General Sentiment,always_satisfied,Positive,16
Order/Billing,amount_paid,Negative,16
General Sentiment,appears_good,Positive,16
Delivery/Shipping,arrived_date,Positive,16
Delivery/Shipping,arrived_little,Positive,16
Delivery/Shipping,arrived_promised,Positive,16
Delivery/Shipping,arrived_quickly,Negative,16
Delivery/Shipping,arrived_scheduled,Positive,16
Delivery/Shipping,congratulation_delivery,Positive,16
Product Quality,congratulation_excellent,Positive,16
Packaging,correctly_well,Positive,16
Delivery/Shipping,delivery_thank,Positive,16
General Sentiment,dissatisfactory,Negative,16
Delivery/Shipping,driver,Positive,16
Product Quality,expected_great,Positive,16
Product Quality,false_advertising,Negative,16
Delivery/Shipping,fast_good,Positive,16
Product Quality,great_good,Positive,16
Delivery/Shipping,long_arrive,Negative,16
Delivery/Shipping,long_deliver,Negative,16
Delivery/Shipping,missing_part,Negative,16
Delivery/Shipping,missing_product,Negative,16
Delivery/Shipping,next_day,Positive,16
Customer Service,opened_complaint,Negative,16
Product Quality,packaged_excellent,Positive,16
Packaging,packaged_protected,Positive,16
Product Quality,perfect_loved,Positive,16
Product Quality,price_great,Positive,16
Delivery/Shipping,product_missing,Positive,16
Order/Billing,product_refund,Positive,16
Delivery/Shipping,punctual_delivery,Positive,16
Product Quality,quality_price,Positive,16
Delivery/Shipping,quickly_product,Positive,16
Packaging,sealed,Negative,16
Customer Service,service_great,Positive,16
General Sentiment,surprise,Negative,16
Delivery/Shipping,taking_long,Negative,16
Packaging,well_attended,Positive,16
Packaging,well_estimated,Positive,16
Product Quality,always_great,Positive,15
General Sentiment,apparently_good,Positive,15
Delivery/Shipping,arrived_ahead,Negative,15
Delivery/Shipping,arrived_completely,Negative,15
Delivery/Shipping,arrived_deadline,Negative,15
Delivery/Shipping,arrived_estimated,Positive,15
Delivery/Shipping,arrived_loved,Positive,15
Delivery/Shipping,arrived_thank,Positive,15
Delivery/Shipping,arrived_well,Negative,15
Product Quality,broken_product,Negative,15
Product Quality,date_excellent,Positive,15
Delivery/Shipping,delivered_home,Negative,15
Delivery/Shipping,delivered_promised,Positive,15
Delivery/Shipping,delivered_scheduled,Positive,15
Delivery/Shipping,delivered_stipulated,Positive,15
Delivery/Shipping,delivery_everyone,Positive,15
Delivery/Shipping,delivery_fee,Negative,15
Product Quality,durable,Positive,15
Delivery/Shipping,everything_fast,Positive,15
Packaging,expected_well,Positive,15
General Sentiment,good_great,Positive,15
Delivery/Shipping,highly_delivery,Positive,15
Order/Billing,invoice_issued,Negative,15
Delivery/Shipping,merchandise_delivered,Positive,15
Delivery/Shipping,photo_arrived,Positive,15
Order/Billing,placed_order,Positive,15
Product Quality,quality_material,Negative,15
Order/Billing,refund_amount,Negative,15
General Sentiment,satisfied_customer,Positive,15
Customer Service,service_fast,Positive,15
Delivery/Shipping,shipping_product,Negative,15
Customer Service,trusted,Positive,15
Delivery/Shipping,urgent,Negative,15
Packaging,well_advance,Positive,15
Packaging,well_stated,Positive,15
Packaging,always_well,Positive,14
Delivery/Shipping,arrived_early,Positive,14
Delivery/Shipping,arrived_intact,Positive,14
Delivery/Shipping,arrived_without,Negative,14
Order/Billing,canceled_order,Negative,14
Packaging,cardboard,Negative,14
General Sentiment,condition_satisfied,Positive,14
Delivery/Shipping,congratulation_speed,Positive,14
Delivery/Shipping,deadline_delivery,Negative,14
Delivery/Shipping,delivered_date,Positive,14
Delivery/Shipping,delivered_yet,Negative,14
Delivery/Shipping,delivery_delayed,Negative,14
Delivery/Shipping,earlier,Negative,14
Product Quality,everything_excellent,Positive,14
Product Quality,excellent_arrived,Positive,14
Delivery/Shipping,expectation_delivery,Positive,14
General Sentiment,expectation_good,Positive,14
Delivery/Shipping,expected_arrived,Positive,14
Delivery/Shipping,expected_date,Negative,14
Delivery/Shipping,expected_delivery,Negative,14
Delivery/Shipping,expensive_shipping,Negative,14
Delivery/Shipping,fast_shipping,Positive,14
General Sentiment,good_size,Positive,14
General Sentiment,good_super,Positive,14
Product Quality,great_everything,Positive,14
Product Quality,great_excellent,Positive,14
Product Quality,great_work,Positive,14
Delivery/Shipping,long_deliver,Positive,14
Product Quality,loved_great,Positive,14
Product Quality,perfect_delivered,Positive,14
Product Quality,perfect_finish,Positive,14
Delivery/Shipping,postal_strike,Negative,14
Delivery/Shipping,price_delivered,Positive,14
Packaging,product_box,Negative,14
Packaging,product_box,Positive,14
Product Quality,quality_highly,Positive,14
Product Quality,quality_well,Positive,14
Delivery/Shipping,quickly_excellent,Positive,14
Delivery/Shipping,shipping_expensive,Negative,14
Product Quality,thought_great,Positive,14
Delivery/Shipping,tracking_code,Positive,14
Customer Service,trying_contact,Negative,14
Delivery/Shipping,watch_delivered,Positive,14
General Sentiment,annoying,Negative,13
Delivery/Shipping,arrived_crushed,Negative,13
Delivery/Shipping,arrived_day,Negative,13
General Sentiment,best,Negative,13
Delivery/Shipping,company_delivered,Positive,13
Packaging,cracked,Negative,13
Delivery/Shipping,day_delivery,Positive,13
Delivery/Shipping,day_late,Positive,13
Delivery/Shipping,deadline_long,Positive,13
Delivery/Shipping,delivered_advertised,Positive,13
Delivery/Shipping,delivery_delivered,Positive,13
Delivery/Shipping,delivery_long,Negative,13
Delivery/Shipping,described_arrived,Positive,13
Delivery/Shipping,difficulty_delivery,Negative,13
Delivery/Shipping,due_postal,Negative,13
Product Quality,excellent_delivered,Positive,13
Product Quality,excellent_value,Positive,13
Product Quality,excellent_work,Positive,13
Product Quality,fake_product,Negative,13
Delivery/Shipping,fast_service,Positive,13
General Sentiment,frustrated,Negative,13
General Sentiment,good_cost,Positive,13
General Sentiment,good_easy,Positive,13
General Sentiment,good_order,Positive,13
General Sentiment,good_site,Positive,13
Product Quality,great_loved,Positive,13
Product Quality,great_merchandise,Positive,13
General Sentiment,happy_product,Positive,13
Delivery/Shipping,long_delay,Negative,13
Delivery/Shipping,loved_fast,Positive,13
Delivery/Shipping,missing_screw,Negative,13
Delivery/Shipping,packaged_delivery,Positive,13
Product Quality,perfect_highly,Positive,13
Order/Billing,placed_order,Negative,13
Product Quality,poor_finish,Negative,13
Product Quality,product_high,Positive,13
Order/Billing,product_returned,Negative,13
Product Quality,quality_fast,Positive,13
Product Quality,quality_super,Positive,13
Delivery/Shipping,quickly_congratulation,Positive,13
Delivery/Shipping,quickly_everything,Positive,13
Delivery/Shipping,quickly_great,Positive,13
General Sentiment,recommendation,Positive,13
General Sentiment,satisfied_congratulation,Positive,13
Order/Billing,simple_beautiful,Positive,13
Order/Billing,super_easy,Positive,13
Packaging,super_well,Positive,13
Packaging,tape,Positive,13
Product Quality,terrible_delivery,Negative,13
Customer Service,tried_contact,Negative,13
Delivery/Shipping,unavailable,Negative,13
Delivery/Shipping,within_deadline,Negative,13
Delivery/Shipping,yet_delivery,Positive,13
Delivery/Shipping,arrived_advertised,Positive,12
Delivery/Shipping,arrived_stated,Positive,12
Product Quality,beautiful_quality,Positive,12
General Sentiment,best_price,Positive,12
Packaging,box_damaged,Negative,12
Product Quality,broke,Positive,12
Product Quality,completely_broken,Negative,12
Delivery/Shipping,congratulation_delivered,Positive,12
Order/Billing,day_payment,Positive,12
Delivery/Shipping,delivery_need,Positive,12
Customer Service,disrespectful,Negative,12
Delivery/Shipping,earlier_promised,Positive,12
Customer Service,email_response,Negative,12
Product Quality,excellent_deadline,Positive,12
Customer Service,feedback,Positive,12
General Sentiment,good_watch,Positive,12
General Sentiment,good_work,Positive,12
Product Quality,great_company,Positive,12
Product Quality,great_product,Negative,12
Product Quality,great_supplier,Positive,12
Product Quality,highly_great,Positive,12
Customer Service,liked_service,Positive,12
Product Quality,look_great,Positive,12
Product Quality,loved_excellent,Positive,12
General Sentiment,overall_good,Positive,12
Packaging,packaging_damaged,Negative,12
Packaging,packaging_product,Negative,12
Product Quality,perfect_arrived,Positive,12
Product Quality,perfect_order,Positive,12
Product Quality,perfect_well,Positive,12
Delivery/Shipping,period,Negative,12
Order/Billing,product_canceled,Negative,12
Customer Service,product_contact,Negative,12
Delivery/Shipping,product_due,Negative,12
Packaging,product_packaging,Negative,12
Order/Billing,product_refund,Negative,12
General Sentiment,product_satisfied,Negative,12
Customer Service,professionalism,Positive,12
Product Quality,quality_service,Positive,12
Customer Service,responsible,Negative,12
Delivery/Shipping,seller_delivered,Positive,12
Product Quality,sturdy,Positive,12
Delivery/Shipping,watch_arrived,Negative,12
General Sentiment,worst_part,Negative,12
Delivery/Shipping,addition_delay,Negative,11
Product Quality,always_excellent,Positive,11
Delivery/Shipping,arrived_beautiful,Positive,11
Delivery/Shipping,arrived_faster,Positive,11
Delivery/Shipping,arrived_less,Positive,11
Order/Billing,charged_shipping,Negative,11
Customer Service,complaint_response,Negative,11
Product Quality,condition_great,Positive,11
Delivery/Shipping,delay_product,Negative,11
Delivery/Shipping,delivered_arrived,Positive,11
Delivery/Shipping,delivered_requested,Positive,11
Delivery/Shipping,delivered_thank,Positive,11
Delivery/Shipping,delivery_occurred,Positive,11
Delivery/Shipping,delivery_service,Negative,11
Delivery/Shipping,delivery_took,Negative,11
Order/Billing,easy_handle,Positive,11
Product Quality,excellent_finish,Positive,11
Product Quality,expectation_excellent,Positive,11
Product Quality,expected_perfect,Positive,11
Product Quality,expected_quality,Positive,11
Delivery/Shipping,fast_congratulation,Positive,11
Delivery/Shipping,fast_everything,Positive,11
Order/Billing,fee,Positive,11
General Sentiment,good_safe,Positive,11
General Sentiment,good_satisfied,Positive,11
General Sentiment,good_well,Positive,11
Product Quality,great_highly,Positive,11
General Sentiment,hello_good,Positive,11
Delivery/Shipping,liked_delivery,Positive,11
General Sentiment,loved,Negative,11
Delivery/Shipping,merchandise_arrived,Positive,11
Packaging,need_well,Positive,11
Order/Billing,order_well,Positive,11
Product Quality,packaged_great,Positive,11
Product Quality,perfect_everything,Positive,11
Delivery/Shipping,piece_missing,Negative,11
Product Quality,poor_service,Negative,11
Customer Service,postal_service,Negative,11
Product Quality,product_terrible,Negative,11
Delivery/Shipping,purchased_delivered,Negative,11
Delivery/Shipping,quickly_good,Positive,11
Delivery/Shipping,quickly_possible,Positive,11
Order/Billing,requested_refund,Negative,11
Customer Service,responsibility,Negative,11
Product Quality,scratched,Positive,11
Delivery/Shipping,supposed_delivered,Negative,11
Customer Service,thank_service,Positive,11
General Sentiment,thought_good,Positive,11
Order/Billing,tried_cancel,Negative,11
Delivery/Shipping,unit_arrived,Negative,11
General Sentiment,unsatisfied,Negative,11
General Sentiment,upset,Positive,11
Packaging,well_agreed,Positive,11
Packaging,well_worth,Positive,11
Delivery/Shipping,within_delivery,Positive,11
Product Quality,wrong_ordered,Negative,11
Delivery/Shipping,yet_arrived,Negative,11
Delivery/Shipping,always_delivered,Positive,10
Delivery/Shipping,arrive_product,Negative,10
Delivery/Shipping,arrived_home,Positive,10
Delivery/Shipping,arrived_incomplete,Negative,10
Delivery/Shipping,arrived_late,Negative,10
Delivery/Shipping,arrived_way,Positive,10
Order/Billing,asked_cancel,Negative,10
Order/Billing,asked_refund,Negative,10
General Sentiment,awful,Negative,10
Product Quality,bag_great,Positive,10
Order/Billing,bill,Positive,10
Order/Billing,charged_shipping,Positive,10
Delivery/Shipping,condition_arrived,Positive,10
Product Quality,date_perfect,Positive,10
Delivery/Shipping,day_deadline,Negative,10
General Sentiment,day_good,Positive,10
Delivery/Shipping,day_late,Negative,10
General Sentiment,delighted,Positive,10
Delivery/Shipping,deliver_house,Negative,10
Delivery/Shipping,delivered_another,Negative,10
Delivery/Shipping,delivered_different,Positive,10
Delivery/Shipping,delivered_highly,Positive,10
Delivery/Shipping,delivered_missing,Negative,10
Delivery/Shipping,delivered_much,Positive,10
Delivery/Shipping,delivering_product,Negative,10
Delivery/Shipping,delivery_day,Negative,10
Delivery/Shipping,delivery_earlier,Positive,10
Delivery/Shipping,delivery_nothing,Negative,10
Delivery/Shipping,delivery_order,Positive,10
Delivery/Shipping,earlier_agreed,Positive,10
Order/Billing,easy_delivery,Positive,10
Product Quality,elegant,Positive,10
Customer Service,email_saying,Negative,10
Product Quality,excellent_excellent,Positive,10
Delivery/Shipping,fast_great,Positive,10
Delivery/Shipping,fast_loved,Positive,10
Product Quality,film_wrong,Negative,10
Product Quality,fit_properly,Negative,10
Packaging,fit_well,Positive,10
Delivery/Shipping,found_shipping,Positive,10
General Sentiment,good_always,Positive,10
General Sentiment,good_cheap,Positive,10
General Sentiment,good_company,Positive,10
General Sentiment,good_deadline,Positive,10
General Sentiment,good_evening,Negative,10
General Sentiment,good_expected,Positive,10
Product Quality,great_care,Positive,10
Product Quality,great_deal,Positive,10
Product Quality,great_super,Positive,10
Delivery/Shipping,late_delivery,Positive,10
Product Quality,loved_perfect,Positive,10
Delivery/Shipping,loved_speed,Positive,10
Delivery/Shipping,material_arrived,Positive,10
General Sentiment,material_good,Negative,10
Delivery/Shipping,missing_piece,Negative,10
Order/Billing,morning_order,Positive,10
Order/Billing,order_arrive,Positive,10
Order/Billing,order_missing,Negative,10
General Sentiment,packaged_good,Positive,10
Product Quality,perfect_condition,Negative,10
Product Quality,perfect_congratulation,Positive,10
Order/Billing,practical_easy,Positive,10
Customer Service,product_email,Negative,10
Product Quality,product_fit,Negative,10
Product Quality,product_poorly,Negative,10
Customer Service,product_response,Negative,10
Product Quality,product_small,Negative,10
Product Quality,quality_bag,Positive,10
Product Quality,quality_however,Positive,10
Product Quality,quality_satisfied,Positive,10
Delivery/Shipping,quickly_loved,Positive,10
Customer Service,resolution,Negative,10
Customer Service,responded,Positive,10
Product Quality,schedule_quality,Positive,10
Delivery/Shipping,scheduled_delivery,Positive,10
Product Quality,seems_excellent,Positive,10
Delivery/Shipping,seller_delivery,Positive,10
Delivery/Shipping,shipping_pick,Negative,10
Product Quality,small_defect,Negative,10
Product Quality,totally_different,Negative,10
Delivery/Shipping,unit_missing,Negative,10
Packaging,well_date,Positive,10
Packaging,without_protection,Negative,10
Packaging,working_well,Positive,10
Delivery/Shipping,arrived_dirty,Negative,9
General Sentiment,bad_delivery,Negative,9
Packaging,box_product,Negative,9
Packaging,box_without,Negative,9
Product Quality,broken_part,Negative,9
Order/Billing,cancel_order,Positive,9
Packaging,cardboard_box,Negative,9
Delivery/Shipping,chair_missing,Negative,9
Order/Billing,charged_delivery,Negative,9
Customer Service,complaining,Negative,9
General Sentiment,condition_good,Positive,9
Product Quality,congratulation_great,Positive,9
General Sentiment,customer_satisfied,Positive,9
Delivery/Shipping,date_arrived,Positive,9
Product Quality,date_great,Positive,9
Product Quality,defective_work,Negative,9
Delivery/Shipping,delivered_ahead,Negative,9
Delivery/Shipping,delivered_arrived,Negative,9
Delivery/Shipping,delivered_defective,Negative,9
Delivery/Shipping,delivered_home,Positive,9
Delivery/Shipping,delivered_however,Negative,9
Delivery/Shipping,delivered_order,Negative,9
Delivery/Shipping,delivered_quickly,Negative,9
Delivery/Shipping,delivers,Negative,9
Delivery/Shipping,delivery_good,Negative,9
Delivery/Shipping,delivery_quick,Negative,9
Product Quality,excellent_product,Negative,9
Delivery/Shipping,faster,Negative,9
Customer Service,feedback,Negative,9
Delivery/Shipping,film_arrived,Negative,9
Delivery/Shipping,found_delivery,Positive,9
General Sentiment,good_partner,Positive,9
Product Quality,great_size,Positive,9
Product Quality,great_watch,Positive,9
Product Quality,inferior_quality,Negative,9
Product Quality,leak,Negative,9
Delivery/Shipping,longer_product,Negative,9
General Sentiment,loved_good,Positive,9
Order/Billing,loved_order,Positive,9
Customer Service,loved_service,Positive,9
Delivery/Shipping,missing_item,Negative,9
Customer Service,need_solve,Negative,9
Order/Billing,order_canceled,Negative,9
Order/Billing,order_product,Negative,9
Packaging,packaging_well,Positive,9
Product Quality,perfect_good,Positive,9
Product Quality,quality_expected,Positive,9
Customer Service,service_arrived,Positive,9
Customer Service,service_thank,Positive,9
General Sentiment,site_good,Positive,9
Delivery/Shipping,speed_efficiency,Positive,9
Delivery/Shipping,stipulated_deadline,Negative,9
Delivery/Shipping,supposed_arrive,Positive,9
Product Quality,terrible_quality,Negative,9
Delivery/Shipping,thought_delivery,Positive,9
Delivery/Shipping,tracking_code,Negative,9
Packaging,well_ahead,Negative,9
Packaging,went_well,Negative,9
Delivery/Shipping,working_day,Negative,9
Product Quality,worth_price,Negative,9
General Sentiment,bad_service,Negative,8
Product Quality,broken_seal,Negative,8
Order/Billing,cancel_product,Negative,8
General Sentiment,cover_good,Negative,8
Product Quality,cover_wrong,Negative,8
Delivery/Shipping,deadline_day,Negative,8
Delivery/Shipping,deadline_met,Negative,8
Delivery/Shipping,deadline_passed,Negative,8
Delivery/Shipping,delivered_complaint,Negative,8
Delivery/Shipping,delivery_attempt,Negative,8
Delivery/Shipping,delivery_man,Negative,8
Delivery/Shipping,delivery_terrible,Negative,8
Delivery/Shipping,drive,Negative,8
Order/Billing,easy,Negative,8
Customer Service,email_asking,Negative,8
Product Quality,excellent_quality,Negative,8
General Sentiment,happy,Negative,8
Customer Service,lack_attention,Negative,8
Packaging,opened_box,Negative,8
Order/Billing,order_wrong,Negative,8
Delivery/Shipping,packaging_arrived,Negative,8
Order/Billing,price_charged,Negative,8
Delivery/Shipping,product_deadline,Negative,8
Product Quality,product_excellent,Negative,8
Order/Billing,refund_money,Negative,8
Customer Service,respond_email,Negative,8
Customer Service,solved,Negative,8
Delivery/Shipping,took_month,Negative,8
General Sentiment,unhappy,Negative,8
Packaging,well_product,Negative,8
Product Quality,wrong_model,Negative,8
Product Quality,wrong_voltage,Negative,8
Delivery/Shipping,arrive_house,Negative,7
Delivery/Shipping,arrived_box,Negative,7
Delivery/Shipping,arrived_dented,Negative,7
Delivery/Shipping,arrived_little,Negative,7
Order/Billing,bill,Negative,7
Product Quality,broken_trying,Negative,7
Delivery/Shipping,chair_arrived,Negative,7
Product Quality,color_wrong,Negative,7
Order/Billing,deliver_order,Negative,7
Delivery/Shipping,delivered_delivered,Negative,7
Delivery/Shipping,delivered_first,Negative,7
Delivery/Shipping,delivered_tried,Negative,7
Delivery/Shipping,delivered_within,Negative,7
Delivery/Shipping,delivery_delay,Negative,7
Delivery/Shipping,delivery_delivery,Negative,7
Delivery/Shipping,delivery_due,Negative,7
Delivery/Shipping,delivery_home,Negative,7
Delivery/Shipping,delivery_scheduled,Negative,7
Delivery/Shipping,delivery_via,Negative,7
Customer Service,difficult_contact,Negative,7
General Sentiment,discomfort,Negative,7
Delivery/Shipping,earlier_expected,Negative,7
Delivery/Shipping,first_delivery,Negative,7
General Sentiment,good_delivery,Negative,7
General Sentiment,good_service,Negative,7
Delivery/Shipping,incomplete_delivery,Negative,7
Delivery/Shipping,late_delivery,Negative,7
Delivery/Shipping,long_deadline,Negative,7
Delivery/Shipping,long_product,Negative,7
Delivery/Shipping,month_delivery,Negative,7
Delivery/Shipping,never_arrived,Negative,7
Delivery/Shipping,new_delivery,Negative,7
Order/Billing,order_placed,Negative,7
Product Quality,ordered_wrong,Negative,7
Delivery/Shipping,part_missing,Negative,7
Delivery/Shipping,regarding_delivery,Negative,7
Customer Service,responds,Negative,7
Delivery/Shipping,say_delivered,Negative,7
Packaging,sealing,Negative,7
Customer Service,send_email,Negative,7
Delivery/Shipping,shipping_deliver,Negative,7
Delivery/Shipping,thing_missing,Negative,7
Customer Service,trustworthy,Negative,7
Customer Service,via_email,Negative,7
General Sentiment,wonderful,Negative,7
Product Quality,wrong_quantity,Negative,7
Packaging,adhesive_tape,Negative,6
Delivery/Shipping,arrived_crumpled,Negative,6
Delivery/Shipping,arrived_defect,Negative,6
Delivery/Shipping,arrived_different,Negative,6
Delivery/Shipping,arrived_earlier,Negative,6
Delivery/Shipping,arrived_home,Negative,6
Product Quality,arrives_wrong,Negative,6
General Sentiment,bad_thing,Negative,6
Packaging,box_broken,Negative,6
Packaging,box_torn,Negative,6
Product Quality,broken_film,Negative,6
Product Quality,broken_piece,Negative,6
Order/Billing,cancel_sale,Negative,6
Delivery/Shipping,charge_shipping,Negative,6
Customer Service,contact_seller,Negative,6
Delivery/Shipping,curtain_arrived,Negative,6
Delivery/Shipping,day_arrived,Negative,6
Delivery/Shipping,delay_due,Negative,6
Delivery/Shipping,delivered_house,Negative,6
Delivery/Shipping,delivered_invoice,Negative,6
Delivery/Shipping,delivered_without,Negative,6
Delivery/Shipping,delivery_almost,Negative,6
Delivery/Shipping,delivery_delivered,Negative,6
Delivery/Shipping,delivery_order,Negative,6
Delivery/Shipping,delivery_problem,Negative,6
Delivery/Shipping,delivery_response,Negative,6
Delivery/Shipping,due_delay,Negative,6
Customer Service,email_informing,Negative,6
General Sentiment,good_material,Negative,6
General Sentiment,good_price,Negative,6
Delivery/Shipping,happened_delivery,Negative,6
Delivery/Shipping,incomplete_missing,Negative,6
Delivery/Shipping,information_delay,Negative,6
Packaging,inside_box,Negative,6
Delivery/Shipping,kit_arrived,Negative,6
General Sentiment,love,Negative,6
Delivery/Shipping,manual_missing,Negative,6
Product Quality,material_terrible,Negative,6
Delivery/Shipping,month_arrive,Negative,6
Packaging,pack,Negative,6
Packaging,packed,Negative,6
Order/Billing,part_order,Negative,6
Delivery/Shipping,partially_delivered,Negative,6
Product Quality,poor_product,Negative,6
Delivery/Shipping,product_fast,Negative,6
Product Quality,product_great,Negative,6
Customer Service,professionalism,Negative,6
Product Quality,quality_good,Negative,6
Delivery/Shipping,quickly_possible,Negative,6
Order/Billing,refund_product,Negative,6
Customer Service,response_regarding,Negative,6
Customer Service,rude,Negative,6
General Sentiment,satisfied_product,Negative,6
Customer Service,service_product,Negative,6
Customer Service,service_terrible,Negative,6
Customer Service,several_email,Negative,6
Delivery/Shipping,shipping_home,Negative,6
Delivery/Shipping,sold_delivered,Negative,6
Customer Service,solving,Negative,6
Delivery/Shipping,supposed_arrive,Negative,6
Product Quality,terrible_seller,Negative,6
Delivery/Shipping,tracking_order,Negative,6
Delivery/Shipping,tracking_product,Negative,6
Delivery/Shipping,unit_delivered,Negative,6
General Sentiment,worst_thing,Negative,6
Delivery/Shipping,another_arrived,Negative,5
Delivery/Shipping,arrive_correct,Negative,5
Delivery/Shipping,arrived_however,Negative,5
Delivery/Shipping,arrived_packaging,Negative,5
Delivery/Shipping,arrived_week,Negative,5
General Sentiment,bad_plastic,Negative,5
Packaging,box_dented,Negative,5
Packaging,damaged_box,Negative,5
Delivery/Shipping,damaged_delivery,Negative,5
Delivery/Shipping,day_delivered,Negative,5
Delivery/Shipping,deadline_arrived,Negative,5
Delivery/Shipping,delay_issuing,Negative,5
Delivery/Shipping,delay_shipping,Negative,5
Delivery/Shipping,delivered_different,Negative,5
Delivery/Shipping,delivered_due,Negative,5
Delivery/Shipping,delivered_satisfaction,Negative,5
Delivery/Shipping,delivery_missing,Negative,5
Delivery/Shipping,delivery_packaging,Negative,5
Delivery/Shipping,delivery_paid,Negative,5
Delivery/Shipping,delivery_purchased,Negative,5
Delivery/Shipping,delivery_status,Negative,5
Delivery/Shipping,delivery_tracking,Negative,5
General Sentiment,disappointment,Negative,5
Product Quality,due_poor,Negative,5
Delivery/Shipping,early,Negative,5
Customer Service,email_product,Negative,5
Order/Billing,entire_order,Negative,5
Delivery/Shipping,estimated_delivery,Negative,5
Order/Billing,everything_order,Negative,5
Delivery/Shipping,kit_missing,Negative,5
Delivery/Shipping,non_delivery,Negative,5
Delivery/Shipping,paying_shipping,Negative,5
Product Quality,product_damage,Negative,5
Delivery/Shipping,product_delay,Negative,5
Order/Billing,product_order,Negative,5
Delivery/Shipping,product_shipping,Negative,5
Product Quality,quality_arrived,Negative,5
Product Quality,quality_expected,Negative,5
Product Quality,quality_poor,Negative,5
Product Quality,quality_service,Negative,5
Order/Billing,request_refund,Negative,5
Customer Service,resolving,Negative,5
Delivery/Shipping,term_delivery,Negative,5
Product Quality,went_wrong,Negative,5
General Sentiment,worst_life,Negative,5
Product Quality,wrong_measurement,Negative,5
Product Quality,wrong_number,Negative,5
Product Quality,wrong_part,Negative,5
Customer Service,yet_response,Negative,5
